mean_fit_time,std_fit_time,mean_score_time,std_score_time,param_max_depth,param_min_samples_split,param_n_estimators,params,split0_test_neg_root_mean_squared_error,split1_test_neg_root_mean_squared_error,split2_test_neg_root_mean_squared_error,split3_test_neg_root_mean_squared_error,split4_test_neg_root_mean_squared_error,mean_test_neg_root_mean_squared_error,std_test_neg_root_mean_squared_error,rank_test_neg_root_mean_squared_error
0.8534043788909912,0.15790557741097921,1.0068061828613282,0.2289593380026844,3,2,100,"{'max_depth': 3, 'min_samples_split': 2, 'n_estimators': 100}",-0.2363210190566842,-0.24320047455076038,-0.23421138141206427,-0.2397770858810063,-0.23710325682549227,-0.23812264354520146,0.0031017581697990676,235
1.2506112098693847,0.4011864419034624,0.9412046909332276,0.4636007280761746,3,2,200,"{'max_depth': 3, 'min_samples_split': 2, 'n_estimators': 200}",-0.2362368083635714,-0.24319541391969934,-0.23420143848825753,-0.23967697393290152,-0.23724044452222282,-0.23811021584533054,0.0030938218608999343,229
1.5822127342224122,0.5196715585147557,1.5106099605560304,0.2852061119412102,3,2,300,"{'max_depth': 3, 'min_samples_split': 2, 'n_estimators': 300}",-0.23624491347403337,-0.24314596935633337,-0.2341794848153474,-0.23958168410322134,-0.23725482553322705,-0.23808137545643251,0.00307185824444678,223
1.4166082382202148,0.565172095179353,1.1688077449798584,0.9492765538988682,3,2,400,"{'max_depth': 3, 'min_samples_split': 2, 'n_estimators': 400}",-0.236305823174675,-0.2431155001695214,-0.23407085661553295,-0.23952285445088947,-0.23720283090441857,-0.2380435730630075,0.003079669333613197,217
0.5818044662475585,0.10293033546641489,0.022001123428344725,0.033080119277799934,3,7,100,"{'max_depth': 3, 'min_samples_split': 7, 'n_estimators': 100}",-0.2363210190566842,-0.24320047455076038,-0.23421138141206427,-0.2397770858810063,-0.23710325682549227,-0.23812264354520146,0.0031017581697990676,235
0.7002048015594482,0.2697006026635688,0.040999841690063474,0.061670222321843396,3,7,200,"{'max_depth': 3, 'min_samples_split': 7, 'n_estimators': 200}",-0.2362368083635714,-0.24319541391969934,-0.23420143848825753,-0.23967697393290152,-0.23724044452222282,-0.23811021584533054,0.0030938218608999343,229
0.9828034400939941,0.1611965505608177,0.07600212097167969,0.12079267667857785,3,7,300,"{'max_depth': 3, 'min_samples_split': 7, 'n_estimators': 300}",-0.23624491347403337,-0.24314596935633337,-0.2341794848153474,-0.23958168410322134,-0.23725482553322705,-0.23808137545643251,0.00307185824444678,223
1.23080735206604,0.5303146509910376,0.17660679817199706,0.1428520782635008,3,7,400,"{'max_depth': 3, 'min_samples_split': 7, 'n_estimators': 400}",-0.236305823174675,-0.2431155001695214,-0.23407085661553295,-0.23952285445088947,-0.23720283090441857,-0.2380435730630075,0.003079669333613197,217
0.6292236328125,0.4197763450369142,0.09338335990905762,0.17081780118594705,3,12,100,"{'max_depth': 3, 'min_samples_split': 12, 'n_estimators': 100}",-0.2363210190566842,-0.24320047455076038,-0.23421138141206427,-0.2397770858810063,-0.23710325682549227,-0.23812264354520146,0.0031017581697990676,235
1.3398138999938964,0.7091960796436976,0.2684043884277344,0.20471941462026155,3,12,200,"{'max_depth': 3, 'min_samples_split': 12, 'n_estimators': 200}",-0.2362368083635714,-0.24319541391969934,-0.23420143848825753,-0.23967697393290152,-0.23724044452222282,-0.23811021584533054,0.0030938218608999343,229
1.5832099914550781,0.6964423197245123,0.11420836448669433,0.08771721581167574,3,12,300,"{'max_depth': 3, 'min_samples_split': 12, 'n_estimators': 300}",-0.23624491347403337,-0.24314596935633337,-0.2341794848153474,-0.23958168410322134,-0.23725482553322705,-0.23808137545643251,0.00307185824444678,223
1.6378135204315185,0.5331375695036108,0.22579989433288575,0.248196720468443,3,12,400,"{'max_depth': 3, 'min_samples_split': 12, 'n_estimators': 400}",-0.236305823174675,-0.2431155001695214,-0.23407085661553295,-0.23952285445088947,-0.23720283090441857,-0.2380435730630075,0.003079669333613197,217
0.7413923740386963,0.31113671870107984,0.009000539779663086,1.7389853028116675e-06,3,17,100,"{'max_depth': 3, 'min_samples_split': 17, 'n_estimators': 100}",-0.2363210190566842,-0.24320047455076038,-0.23421138141206427,-0.2397770858810063,-0.23710325682549227,-0.23812264354520146,0.0031017581697990676,235
0.8943385124206543,0.2512914423724707,0.0283994197845459,0.03635890317828861,3,17,200,"{'max_depth': 3, 'min_samples_split': 17, 'n_estimators': 200}",-0.2362368083635714,-0.24319541391969934,-0.23420143848825753,-0.23967697393290152,-0.23724044452222282,-0.23811021584533054,0.0030938218608999343,229
1.0918062210083008,0.4608745620697886,0.11981043815612794,0.17322376769286335,3,17,300,"{'max_depth': 3, 'min_samples_split': 17, 'n_estimators': 300}",-0.23624491347403337,-0.24314596935633337,-0.2341794848153474,-0.23958168410322134,-0.23725482553322705,-0.23808137545643251,0.00307185824444678,223
1.56384220123291,0.3925140035517166,0.03233671188354492,0.017515443065369417,3,17,400,"{'max_depth': 3, 'min_samples_split': 17, 'n_estimators': 400}",-0.236305823174675,-0.2431155001695214,-0.23407085661553295,-0.23952285445088947,-0.23720283090441857,-0.2380435730630075,0.003079669333613197,217
1.045409870147705,0.4341397552607165,0.010400676727294922,0.0016236100048499537,3,22,100,"{'max_depth': 3, 'min_samples_split': 22, 'n_estimators': 100}",-0.2363210190566842,-0.24320047455076038,-0.23421138141206427,-0.2397770858810063,-0.23710325682549227,-0.23812264354520146,0.0031017581697990676,235
1.411411714553833,0.3804060991564958,0.26900949478149416,0.31440888236667164,3,22,200,"{'max_depth': 3, 'min_samples_split': 22, 'n_estimators': 200}",-0.2362368083635714,-0.24319541391969934,-0.23420143848825753,-0.23967697393290152,-0.23724044452222282,-0.23811021584533054,0.0030938218608999343,229
1.0685882091522216,0.3582071073538739,0.029399681091308593,0.0017411033222108374,3,22,300,"{'max_depth': 3, 'min_samples_split': 22, 'n_estimators': 300}",-0.23624491347403337,-0.24314596935633337,-0.2341794848153474,-0.23958168410322134,-0.23725482553322705,-0.23808137545643251,0.00307185824444678,223
1.811816120147705,0.6563652665684908,0.41100130081176756,0.38645318326836614,3,22,400,"{'max_depth': 3, 'min_samples_split': 22, 'n_estimators': 400}",-0.236305823174675,-0.2431155001695214,-0.23407085661553295,-0.23952285445088947,-0.23720283090441857,-0.2380435730630075,0.003079669333613197,217
0.6430030822753906,0.2966221510794982,0.10459814071655274,0.146402616429047,3,27,100,"{'max_depth': 3, 'min_samples_split': 27, 'n_estimators': 100}",-0.2363210190566842,-0.24320047455076038,-0.23421138141206427,-0.2397770858810063,-0.23710325682549227,-0.23812264354520146,0.0031017581697990676,235
1.6542081832885742,0.29223090903422877,0.017200946807861328,0.0017190356653868084,3,27,200,"{'max_depth': 3, 'min_samples_split': 27, 'n_estimators': 200}",-0.2362368083635714,-0.24319541391969934,-0.23420143848825753,-0.23967697393290152,-0.23724044452222282,-0.23811021584533054,0.0030938218608999343,229
1.9568775653839112,0.2528377499017289,0.026400232315063478,0.005783666551433982,3,27,300,"{'max_depth': 3, 'min_samples_split': 27, 'n_estimators': 300}",-0.23624491347403337,-0.24314596935633337,-0.2341794848153474,-0.23958168410322134,-0.23725482553322705,-0.23808137545643251,0.00307185824444678,223
2.770845079421997,0.3868529435583874,0.042798423767089845,0.00601417884766798,3,27,400,"{'max_depth': 3, 'min_samples_split': 27, 'n_estimators': 400}",-0.236305823174675,-0.2431155001695214,-0.23407085661553295,-0.23952285445088947,-0.23720283090441857,-0.2380435730630075,0.003079669333613197,217
1.1566067695617677,0.19699765073903172,0.03059678077697754,0.009972810496612262,8,2,100,"{'max_depth': 8, 'min_samples_split': 2, 'n_estimators': 100}",-0.19010700425407517,-0.19703418104955728,-0.19404275451065967,-0.19429579920626291,-0.19421215484225443,-0.1939383787725619,0.0022125559625295775,199
1.798203468322754,0.3519405222250897,0.800807523727417,0.24565415307502228,8,2,200,"{'max_depth': 8, 'min_samples_split': 2, 'n_estimators': 200}",-0.18972026088688723,-0.19700560396223576,-0.19412584710831132,-0.1945963038957224,-0.19416848752424182,-0.1939233006754797,0.0023545790281387638,198
4.20182991027832,0.6314251223915077,0.6760026931762695,0.31968470151568396,8,2,300,"{'max_depth': 8, 'min_samples_split': 2, 'n_estimators': 300}",-0.1897455260614594,-0.19691368733404252,-0.19405657120309927,-0.19451591917190142,-0.19405805859527533,-0.19385795247315557,0.002313524521949524,195
5.245437335968018,0.47814393389449755,0.9940064430236817,0.12234497748376645,8,2,400,"{'max_depth': 8, 'min_samples_split': 2, 'n_estimators': 400}",-0.18971733356810228,-0.19685931298681184,-0.1939702389118666,-0.19444456417263511,-0.19397066475761598,-0.19379242287940635,0.002302209582157456,193
2.6498204708099364,0.43663402213624314,0.23780150413513185,0.41512090060734735,8,7,100,"{'max_depth': 8, 'min_samples_split': 7, 'n_estimators': 100}",-0.19016474782829684,-0.19703656911684597,-0.1940877837205725,-0.19437206049717387,-0.1941678143335245,-0.19396579509928275,0.002195375047296576,202
2.4020150661468507,0.6200089273775454,0.5628061771392823,0.3580400304094987,8,7,200,"{'max_depth': 8, 'min_samples_split': 7, 'n_estimators': 200}",-0.18976480824400074,-0.19701674571721142,-0.1941639465310877,-0.19466265424525078,-0.19417605868549198,-0.1939568426846085,0.0023462854445945092,200
3.554628324508667,0.7170213200215442,0.7862019062042236,0.6712029288772612,8,7,300,"{'max_depth': 8, 'min_samples_split': 7, 'n_estimators': 300}",-0.18979305136857003,-0.19692079625782927,-0.19409399949299336,-0.19458994890685186,-0.19407707281074765,-0.19389497376739842,0.0023037851833494737,196
3.6636260509490968,0.46196040505115454,0.7532047271728516,0.3410832625084332,8,7,400,"{'max_depth': 8, 'min_samples_split': 7, 'n_estimators': 400}",-0.18977177527258174,-0.19686407064617822,-0.19401169404550841,-0.19451392648691865,-0.193992798178874,-0.1938308529260122,0.002289193761984435,194
2.293615436553955,0.4808412627405443,0.18160099983215333,0.30570723384730114,8,12,100,"{'max_depth': 8, 'min_samples_split': 12, 'n_estimators': 100}",-0.19025569062001857,-0.19714285366772627,-0.1941886737486462,-0.19445719036274756,-0.19421571969496546,-0.1940520256188208,0.0021988635420463177,206
2.6518195152282713,0.39866158478471997,0.8030077934265136,0.43051883520425016,8,12,200,"{'max_depth': 8, 'min_samples_split': 12, 'n_estimators': 200}",-0.18985830496743575,-0.19709778440239795,-0.1942234309682727,-0.1947393392606209,-0.19422048378022974,-0.19402786867579142,0.002340563165918779,204
4.523633718490601,0.6636305730705166,0.912205696105957,0.041739741718096905,8,12,300,"{'max_depth': 8, 'min_samples_split': 12, 'n_estimators': 300}",-0.1898638412189613,-0.19699540494119722,-0.19415416428579274,-0.19466349587677803,-0.1941183988319057,-0.193959061030927,0.0023043390339392562,201
4.298632860183716,0.5631130829853793,1.0608342647552491,0.5858444809510395,8,12,400,"{'max_depth': 8, 'min_samples_split': 12, 'n_estimators': 400}",-0.18984498359991883,-0.19693477831087353,-0.194071267283267,-0.19458701767693437,-0.19404315975220202,-0.19389624132463917,0.0022880029391703924,197
2.333215618133545,0.5392100170130248,0.029801607131958008,0.008841806990571948,8,17,100,"{'max_depth': 8, 'min_samples_split': 17, 'n_estimators': 100}",-0.19035934728747486,-0.1972754879813907,-0.19422813189367227,-0.19455961932970306,-0.19425516607738375,-0.19413555051392492,0.002205521782366257,210
1.9600146293640137,0.11979007386306345,0.5210038185119629,0.3569986513515674,8,17,200,"{'max_depth': 8, 'min_samples_split': 17, 'n_estimators': 200}",-0.18992619319512835,-0.19718967134453888,-0.1942417153390342,-0.19482876781311606,-0.19428302356057658,-0.1940938742504788,0.002347391233863638,208
3.6066254138946534,0.4871636784175031,0.7396018028259277,0.40954620102843425,8,17,300,"{'max_depth': 8, 'min_samples_split': 17, 'n_estimators': 300}",-0.18994081497535284,-0.1971006097921996,-0.1942055422954844,-0.19475706164987885,-0.1941842502969922,-0.19403765580198157,0.0023122721509191515,205
4.434031534194946,0.4633035706210474,1.1302704334259033,0.35858887362007635,8,17,400,"{'max_depth': 8, 'min_samples_split': 17, 'n_estimators': 400}",-0.1899412221292246,-0.1970295565305276,-0.19414388432154883,-0.19466659190198574,-0.19411673036943639,-0.19397959705054463,0.0022859782420292353,203
2.6342172622680664,0.4245030493098175,0.03560152053833008,0.00581515023033883,8,22,100,"{'max_depth': 8, 'min_samples_split': 22, 'n_estimators': 100}",-0.1904517504975673,-0.19741667352056438,-0.19429391884749775,-0.19463604113438232,-0.1943043415656787,-0.1942205451131381,0.0022182917817606773,213
1.9156154155731202,0.6398685990491807,0.6738282680511475,0.27211232409169633,8,22,200,"{'max_depth': 8, 'min_samples_split': 22, 'n_estimators': 200}",-0.19004567837690212,-0.19730692401850883,-0.19432987303567545,-0.19488050986027802,-0.19431901171776844,-0.19417639940182657,0.0023410555110057654,211
3.2610224723815917,0.4674879537830381,0.9728070735931397,0.05269213435573951,8,22,300,"{'max_depth': 8, 'min_samples_split': 22, 'n_estimators': 300}",-0.19006397608541092,-0.19722600195847428,-0.194297362079284,-0.19481033713850138,-0.1942275365216066,-0.19412504275665546,0.0023072944237887204,209
3.879226875305176,0.7706676493222208,1.205610704421997,0.44016528315858217,8,22,400,"{'max_depth': 8, 'min_samples_split': 22, 'n_estimators': 400}",-0.19005775471040717,-0.1971700985598407,-0.19424494470977738,-0.19472844040509077,-0.1941709845826977,-0.19407444459356274,0.002288360630539001,207
2.0818132877349855,0.29737106942687674,0.03420066833496094,0.005155586836860545,8,27,100,"{'max_depth': 8, 'min_samples_split': 27, 'n_estimators': 100}",-0.19055962447963395,-0.19752855515331394,-0.19442461811646372,-0.1947081741345303,-0.19437872980114615,-0.19431994033701758,0.0022181218860459723,216
2.5634198665618895,0.48284149763534673,0.9610049247741699,0.06880947977627656,8,27,200,"{'max_depth': 8, 'min_samples_split': 27, 'n_estimators': 200}",-0.19018768788521356,-0.1974194930340454,-0.1944681047812322,-0.1949468962468584,-0.19442227676928506,-0.19428889174332692,0.002328236084765673,215
4.14302978515625,0.7002449889663395,0.8858057975769043,0.16016313751255568,8,27,300,"{'max_depth': 8, 'min_samples_split': 27, 'n_estimators': 300}",-0.1902204475371736,-0.19735780619346163,-0.19444362834826842,-0.19488999604555557,-0.19434249666411652,-0.19425087495771515,0.002295708651701535,214
4.50382924079895,0.4265368677422073,0.9818083763122558,0.13151320624818766,8,27,400,"{'max_depth': 8, 'min_samples_split': 27, 'n_estimators': 400}",-0.1901997275037153,-0.1972999146264439,-0.1943874960757718,-0.19479738794823348,-0.19428876902587935,-0.19419465903600874,0.002280851384258552,212
3.0938227653503416,0.6012164060243467,0.9324984550476074,0.20402862869089072,13,2,100,"{'max_depth': 13, 'min_samples_split': 2, 'n_estimators': 100}",-0.177824192572315,-0.18307470220508051,-0.18137533928667646,-0.18041312753812228,-0.18011318148811792,-0.18056010861806243,0.0017143141986019047,138
5.337038803100586,1.5949535375058985,1.6308098793029786,0.7138945770528449,13,2,200,"{'max_depth': 13, 'min_samples_split': 2, 'n_estimators': 200}",-0.17717269233130226,-0.18249034737005776,-0.1814794735383413,-0.18049936562884428,-0.17959871429487756,-0.1802481186326846,0.0018158701824008772,115
7.693650960922241,0.5405077979651928,1.706013059616089,0.836676080834841,13,2,300,"{'max_depth': 13, 'min_samples_split': 2, 'n_estimators': 300}",-0.17729055435034324,-0.18210977049439234,-0.18114728579836414,-0.1805532313813567,-0.17942287352190972,-0.1801047431092732,0.0016548580790454557,107
9.513266563415527,0.44905077102920776,2.450217294692993,0.4868977552775955,13,2,400,"{'max_depth': 13, 'min_samples_split': 2, 'n_estimators': 400}",-0.17709642227493216,-0.18207486483244625,-0.18103456378271204,-0.18051007828373497,-0.17932719112477782,-0.18000862405972065,0.0017040322570313746,106
5.1438311576843265,1.0963922906434598,0.8988067150115967,0.2049713785874938,13,7,100,"{'max_depth': 13, 'min_samples_split': 7, 'n_estimators': 100}",-0.17799612962145417,-0.1832220404241446,-0.1815733030638269,-0.18067254680536332,-0.1801398056112392,-0.18072076510520566,0.00171736289987937,142
3.5470212936401366,1.4713484726660966,1.1256107330322265,0.2760994095243136,13,7,200,"{'max_depth': 13, 'min_samples_split': 7, 'n_estimators': 200}",-0.17746908028607192,-0.182666510421888,-0.18160517778224342,-0.18070050219540654,-0.1798215959124966,-0.1804525733196213,0.001765833878768732,131
5.563640069961548,1.1561942336764364,1.2956079483032226,0.15088507916254879,13,7,300,"{'max_depth': 13, 'min_samples_split': 7, 'n_estimators': 300}",-0.17756224611127597,-0.18235049633542175,-0.18131552065544512,-0.1807347856100819,-0.1797055591716389,-0.18033372157677272,0.0016289767634864523,123
7.36245174407959,0.7156836959412897,2.5274184703826905,0.17318798030417384,13,7,400,"{'max_depth': 13, 'min_samples_split': 7, 'n_estimators': 400}",-0.17739781292222043,-0.18229393265766095,-0.1812123980150775,-0.18067870675682757,-0.17956204947451967,-0.18022897996526124,0.0016669551868413847,108
3.7054250240325928,0.6798501188255576,0.2576424598693848,0.384435037769043,13,12,100,"{'max_depth': 13, 'min_samples_split': 12, 'n_estimators': 100}",-0.178548058726685,-0.1837280641531397,-0.18200272078382054,-0.18121810011316977,-0.18063931411963247,-0.18122725157928948,0.0016958328080297527,173
4.5716307163238525,0.11733951462421081,1.196810245513916,0.10319088072117083,13,12,200,"{'max_depth': 13, 'min_samples_split': 12, 'n_estimators': 200}",-0.1780238787848314,-0.18316977658304548,-0.18209642778625407,-0.1811465981370039,-0.1802716416949114,-0.18094166459720926,0.0017494206776215925,157
4.94063401222229,0.8323503464337481,1.7164126873016357,0.3466810599002503,13,12,300,"{'max_depth': 13, 'min_samples_split': 12, 'n_estimators': 300}",-0.17802347034541854,-0.18288243832462917,-0.18178006837590127,-0.18111177170818932,-0.18015379818557226,-0.1807903093879421,0.0016444153467590243,143
6.630247402191162,0.5435192825787516,1.8312129020690917,0.5996721547779603,13,12,400,"{'max_depth': 13, 'min_samples_split': 12, 'n_estimators': 400}",-0.17784239496517132,-0.18283860223553355,-0.18173069134030884,-0.18104418199936773,-0.18004250477962047,-0.1806996750640004,0.001694261572573057,141
3.7734631538391112,0.6568104693022371,0.06836395263671875,0.0159050952616463,13,17,100,"{'max_depth': 13, 'min_samples_split': 17, 'n_estimators': 100}",-0.17903924264162258,-0.18420262051079153,-0.18241699010739781,-0.18175396006872202,-0.18112909803285035,-0.18170838227227687,0.0016843576453930212,184
3.599824237823486,0.1845177220230563,1.27620849609375,0.16622206466740386,13,17,200,"{'max_depth': 13, 'min_samples_split': 17, 'n_estimators': 200}",-0.17854980486579045,-0.18366367898388028,-0.1823804572228147,-0.18166069821703798,-0.1808424805586684,-0.18141942396963834,0.0017079845576438645,182
5.308634996414185,1.1322458883833846,1.453816032409668,0.4900399152778905,13,17,300,"{'max_depth': 13, 'min_samples_split': 17, 'n_estimators': 300}",-0.17857786437587317,-0.18341108782146462,-0.18220688835821544,-0.18159230714135785,-0.1807137889967605,-0.18130038733873433,0.0016197682979608343,175
6.737046766281128,1.4237982705942456,1.581810760498047,0.6010043055448792,13,17,400,"{'max_depth': 13, 'min_samples_split': 17, 'n_estimators': 400}",-0.17841485662055262,-0.183368212089797,-0.1821721917776114,-0.18146869626022738,-0.18057511730483644,-0.18119981481060496,0.0016652927703185519,172
3.5994256496429444,0.867914211449079,0.0708005428314209,0.015577798159151062,13,22,100,"{'max_depth': 13, 'min_samples_split': 22, 'n_estimators': 100}",-0.17944883388984598,-0.1847665961746336,-0.18283241749531715,-0.18227861977534643,-0.1817396900325813,-0.18221323147354487,0.0017189225551726688,188
3.5236209869384765,0.592510046400473,1.1016100883483886,0.24984546223124945,13,22,200,"{'max_depth': 13, 'min_samples_split': 22, 'n_estimators': 200}",-0.17910985566070045,-0.18428680207828038,-0.18285900190832874,-0.18210217238221588,-0.18137466232505076,-0.18194649887091524,0.0017150776585949095,187
5.726043558120727,0.7695641958102003,0.8390061855316162,0.5805881713241029,13,22,300,"{'max_depth': 13, 'min_samples_split': 22, 'n_estimators': 300}",-0.1791210367294704,-0.1840743127325069,-0.18279308266478564,-0.1819586956882401,-0.18123392158510537,-0.1818362098800217,0.0016537611136682982,186
7.005249929428101,0.8942261725928575,1.2896111488342286,0.8758860678659011,13,22,400,"{'max_depth': 13, 'min_samples_split': 22, 'n_estimators': 400}",-0.1789458192281229,-0.18403987201863242,-0.1827601791900734,-0.1818166026360107,-0.18107146859381487,-0.18172678833333084,0.0017081892478348955,185
4.278431987762451,0.41299258276958883,0.048601293563842775,0.03582929056908996,13,27,100,"{'max_depth': 13, 'min_samples_split': 27, 'n_estimators': 100}",-0.17980551533740227,-0.18517944235739703,-0.18340092072127212,-0.1827759268161369,-0.18225119924917269,-0.18268260089627622,0.0017448575342690037,192
3.811624622344971,1.7631976514477703,1.1556101799011231,0.4027595951307531,13,27,200,"{'max_depth': 13, 'min_samples_split': 27, 'n_estimators': 200}",-0.17949827297293527,-0.18476778564439117,-0.18335616415577388,-0.18263349884462984,-0.18195079526441074,-0.18244130337642817,0.0017428973148505924,191
5.8416365623474125,0.9096864188047656,1.277608871459961,0.1354018019644283,13,27,300,"{'max_depth': 13, 'min_samples_split': 27, 'n_estimators': 300}",-0.1796069468126429,-0.18461743019806737,-0.18329123488341767,-0.18247863275131604,-0.1817932876779051,-0.1823575064646698,0.0016659950094021505,190
7.021047067642212,0.8575542015715434,1.7966143131256103,0.8962941852767431,13,27,400,"{'max_depth': 13, 'min_samples_split': 27, 'n_estimators': 400}",-0.17940120226286874,-0.18462334737007238,-0.18330165720722774,-0.18235005248461192,-0.18165703502927555,-0.18226665887081125,0.0017443990101996443,189
5.818837976455688,0.9589680105846199,0.42760391235351564,0.4879980035656314,18,2,100,"{'max_depth': 18, 'min_samples_split': 2, 'n_estimators': 100}",-0.1767699966757732,-0.18140901791895803,-0.17993852103592786,-0.17867149948144717,-0.17835347200918106,-0.17902850142425747,0.0015607019749126277,55
8.864863443374634,1.9053548294164435,2.0024120807647705,0.16810920117273703,18,2,200,"{'max_depth': 18, 'min_samples_split': 2, 'n_estimators': 200}",-0.17607527284930935,-0.18050422309455225,-0.17966968832419386,-0.17866630149461166,-0.17802401327373346,-0.17858789980728013,0.001515253801439285,34
11.622080230712891,1.2634278414228284,2.3460185527801514,0.41048541864645616,18,2,300,"{'max_depth': 18, 'min_samples_split': 2, 'n_estimators': 300}",-0.17611142449095943,-0.18004195079044047,-0.17929470078219487,-0.17873240954839667,-0.17776272436906368,-0.17838864199621102,0.0013601500700193864,14
15.555307102203368,1.2205742362485572,3.9180317878723145,0.7564613069816548,18,2,400,"{'max_depth': 18, 'min_samples_split': 2, 'n_estimators': 400}",-0.17588771087740776,-0.1800287809924551,-0.17912382918621703,-0.1786071107810904,-0.17763787009495846,-0.17825706038642575,0.0014149226869236773,7
5.439983987808228,0.9906959625333515,1.3444121837615968,0.2153905002502665,18,7,100,"{'max_depth': 18, 'min_samples_split': 7, 'n_estimators': 100}",-0.1768845272128754,-0.18162780791400854,-0.17999056036848032,-0.17898532644781942,-0.17830925081419943,-0.17915949455147664,0.0015944884183121937,69
5.195437908172607,0.8574511197205293,1.377610731124878,0.625562602637303,18,7,200,"{'max_depth': 18, 'min_samples_split': 7, 'n_estimators': 200}",-0.1763614045879046,-0.18078244970279606,-0.1797137227208599,-0.17889044275863095,-0.1781004070149935,-0.17876968535703702,0.0014969808928636103,42
6.974451017379761,1.1976280726639212,1.856612539291382,0.5688008671394946,18,7,300,"{'max_depth': 18, 'min_samples_split': 7, 'n_estimators': 300}",-0.17635285439098858,-0.18035554345313212,-0.17945739617992398,-0.17893630631932428,-0.17799770022682357,-0.1786199601140385,0.0013667918158744062,35
8.983661317825318,1.1931728879175962,2.9884212493896483,0.9868362454469379,18,7,400,"{'max_depth': 18, 'min_samples_split': 7, 'n_estimators': 400}",-0.17620606250273632,-0.1803256246000275,-0.17930876664144701,-0.1788449495378133,-0.17781982093656948,-0.1785010448437187,0.0014021972889269336,25
3.459227132797241,1.2229417298309846,1.0038040637969972,0.1057330973953735,18,12,100,"{'max_depth': 18, 'min_samples_split': 12, 'n_estimators': 100}",-0.17751457886553706,-0.18207768813840933,-0.18056300316519003,-0.17952084624545084,-0.17890669670859427,-0.1797165626246363,0.0015384599740563738,95
4.306026458740234,0.737142587609352,2.197620964050293,1.1429431397897722,18,12,200,"{'max_depth': 18, 'min_samples_split': 12, 'n_estimators': 200}",-0.17700226432238847,-0.18138639877198354,-0.18040419194168245,-0.17933309141662557,-0.1786647983014759,-0.1793581489508312,0.0014993037491601302,77
7.442051982879638,0.609555095029954,1.4882136344909669,0.8209184317027026,18,12,300,"{'max_depth': 18, 'min_samples_split': 12, 'n_estimators': 300}",-0.17688778793258636,-0.18103190771207328,-0.18005402691285682,-0.17934312036896413,-0.17855237281449327,-0.1791738431481948,0.001404852731432628,70
8.848265790939331,1.8265436648532147,3.5410223960876466,0.9869411561214768,18,12,400,"{'max_depth': 18, 'min_samples_split': 12, 'n_estimators': 400}",-0.1767747355860888,-0.181032081982885,-0.17995865393513494,-0.17927593793215485,-0.1783980444070117,-0.17908789076865506,0.001442223603093015,62
4.1688305854797365,0.7145116012622489,0.2314065933227539,0.23668276811334502,18,17,100,"{'max_depth': 18, 'min_samples_split': 17, 'n_estimators': 100}",-0.17797191702533696,-0.18271846585619575,-0.1810774452660143,-0.18018268212770647,-0.17956766713523944,-0.18030363548209857,0.0015762853422185985,122
3.5196212768554687,0.6608825665337353,1.6290109634399415,0.9119213066698457,18,17,200,"{'max_depth': 18, 'min_samples_split': 17, 'n_estimators': 200}",-0.17758106143849228,-0.18211803525079184,-0.18079012331708155,-0.17996533820723976,-0.17941450397972616,-0.17997381243866634,0.001503476639787441,105
6.1618420600891115,0.2587826879435102,1.744213914871216,0.37082913972584824,18,17,300,"{'max_depth': 18, 'min_samples_split': 17, 'n_estimators': 300}",-0.17751904677646085,-0.18175337555835971,-0.18061251487695462,-0.17994488462580085,-0.1792932890684055,-0.1798246221811963,0.0014109089530653517,98
7.8818529605865475,0.5544660636961053,2.827422285079956,0.34899748388164964,18,17,400,"{'max_depth': 18, 'min_samples_split': 17, 'n_estimators': 400}",-0.17742382278804053,-0.1817267835338124,-0.1805481518704098,-0.17978153887510043,-0.1791189036364432,-0.17971984014076128,0.0014387876288334417,97
3.297017240524292,0.31741528137802505,0.5096046447753906,0.19129596206126237,18,22,100,"{'max_depth': 18, 'min_samples_split': 22, 'n_estimators': 100}",-0.17842909304271093,-0.1834829447906572,-0.18159572188708567,-0.18087222629223598,-0.18028625350578445,-0.18093324790369486,0.0016512385018426026,156
4.088227415084839,0.9973892436969491,1.5760117053985596,0.14847828337648541,18,22,200,"{'max_depth': 18, 'min_samples_split': 22, 'n_estimators': 200}",-0.178199013860855,-0.18293191307567974,-0.18140490337206377,-0.18063194538632615,-0.1800336956214403,-0.180640294263273,0.001559745202901557,140
6.327645587921142,0.4527531034727376,1.3648063659667968,0.3840078935681557,18,22,300,"{'max_depth': 18, 'min_samples_split': 22, 'n_estimators': 300}",-0.17811940927872064,-0.1826378667856253,-0.18132236547467273,-0.18050535022322842,-0.1798993467096018,-0.1804968676943698,0.001501648127406478,132
6.830449342727661,0.8564291990996862,2.3478177547454835,1.3934237525014037,18,22,400,"{'max_depth': 18, 'min_samples_split': 22, 'n_estimators': 400}",-0.17799884730676038,-0.1826051689577178,-0.18125362093197,-0.18032392787141371,-0.17970533812458545,-0.18037738063848946,0.0015390098762618671,124
3.3060194492340087,0.3972818492912136,0.2794034481048584,0.28900903127839994,18,27,100,"{'max_depth': 18, 'min_samples_split': 27, 'n_estimators': 100}",-0.17882405632261097,-0.18395783434546087,-0.18219592564851153,-0.18143697042320406,-0.18090160234883393,-0.18146327781772426,0.0016757831975323205,183
3.012417507171631,0.6215084994942764,1.6106110095977784,0.6199531512274719,18,27,200,"{'max_depth': 18, 'min_samples_split': 27, 'n_estimators': 200}",-0.17862789573513713,-0.18354020860147094,-0.1820355255158511,-0.18127802766997372,-0.18071882199979394,-0.18124009590444537,0.001613690287060063,174
5.3314361572265625,0.8452733107291395,1.892815113067627,0.5738639636373463,18,27,300,"{'max_depth': 18, 'min_samples_split': 27, 'n_estimators': 300}",-0.17865765284600843,-0.1833090755464026,-0.18194229855791483,-0.1811293504318351,-0.1805256209080251,-0.18111279965803723,0.0015417194870603124,165
7.967868614196777,0.8222398297168387,4.089014101028442,1.1379437109015091,18,27,400,"{'max_depth': 18, 'min_samples_split': 27, 'n_estimators': 400}",-0.17848516398146042,-0.18330456731839664,-0.18194286742555915,-0.18095110049052446,-0.1803837427353717,-0.1810134883902625,0.0016065916844189888,158
6.15664496421814,0.4103823369796307,1.478605604171753,0.2808566569896829,23,2,100,"{'max_depth': 23, 'min_samples_split': 2, 'n_estimators': 100}",-0.1766110369082195,-0.18141355099866735,-0.1799605513894147,-0.17869684754059123,-0.17843427734359849,-0.17902325283609827,0.0016040119771649228,54
12.325886440277099,1.947775417668361,2.5832163810729982,0.8207414546895713,23,2,200,"{'max_depth': 23, 'min_samples_split': 2, 'n_estimators': 200}",-0.17590434689826892,-0.18041898929264183,-0.17969969460679772,-0.17869519763155314,-0.1779206290242073,-0.1785277714906938,0.0015639129543461078,33
15.608508443832397,0.7209548626610749,3.0624221324920655,0.7682452212865086,23,2,300,"{'max_depth': 23, 'min_samples_split': 2, 'n_estimators': 300}",-0.1759735036944079,-0.17989964201682837,-0.1792746273401625,-0.17873779620731242,-0.1776039048589488,-0.17829789482353203,0.0013854623704612904,13
17.98132438659668,1.7629388102370844,4.666034364700318,0.5112063113951058,23,2,400,"{'max_depth': 23, 'min_samples_split': 2, 'n_estimators': 400}",-0.17580034213240006,-0.17988995369910715,-0.17913995649169534,-0.17860522776305413,-0.17750778384843538,-0.1781886527869384,0.001424117167732761,6
5.236207771301269,0.9306151366035303,1.1002097606658936,0.5448746705466461,23,7,100,"{'max_depth': 23, 'min_samples_split': 7, 'n_estimators': 100}",-0.17672769618020737,-0.18160549116449967,-0.17998688699773918,-0.17902769219681916,-0.17825345924265187,-0.17912024515638345,0.0016377844959587868,63
4.035429525375366,0.584750857522082,2.1994144916534424,0.6971881976212252,23,7,200,"{'max_depth': 23, 'min_samples_split': 7, 'n_estimators': 200}",-0.17622373447562295,-0.18069204102802078,-0.179677141279354,-0.17887321180842347,-0.17795320881426577,-0.1786838674811374,0.0015258651053875892,41
6.900248003005982,0.48303596958653183,2.6880173206329347,0.22015959392684495,23,7,300,"{'max_depth': 23, 'min_samples_split': 7, 'n_estimators': 300}",-0.1762569772322069,-0.18020569425278188,-0.1793802819486087,-0.17889150755857622,-0.17782561508015973,-0.17851201521446666,0.0013654883149624192,32
10.10670862197876,0.5909399051338619,4.183391475677491,0.5353509496265367,23,7,400,"{'max_depth': 23, 'min_samples_split': 7, 'n_estimators': 400}",-0.1761303032785227,-0.18016415634290026,-0.17925713595528328,-0.17880091775520102,-0.17768875808524112,-0.17840825428342966,0.0013903030099435183,20
3.2212217330932615,1.0305376374407171,1.1382067680358887,0.05442534207556973,23,12,100,"{'max_depth': 23, 'min_samples_split': 12, 'n_estimators': 100}",-0.17738777699601346,-0.18203701549186618,-0.18054143510196305,-0.1795097962308639,-0.17881997382472148,-0.17965919952908563,0.0015696069451322755,89
5.2006378173828125,0.9121826211312123,1.5948104858398438,0.37468710071614203,23,12,200,"{'max_depth': 23, 'min_samples_split': 12, 'n_estimators': 200}",-0.17688720971051494,-0.18127005011149858,-0.1803597489583242,-0.1792744992829726,-0.17851424122714263,-0.17926114985809058,0.0015123652168426464,76
6.602844858169556,0.8006665018048582,2.343215990066528,0.6058522039836374,23,12,300,"{'max_depth': 23, 'min_samples_split': 12, 'n_estimators': 300}",-0.1768074498740218,-0.18087379229921727,-0.17999486051476177,-0.1792572536327534,-0.17837835686616046,-0.17906234263738294,0.0013958013952278699,61
9.338458156585693,0.6523389448689054,4.141629457473755,0.5860629462817947,23,12,400,"{'max_depth': 23, 'min_samples_split': 12, 'n_estimators': 400}",-0.17672089869479699,-0.18087610533902554,-0.1799108820195776,-0.1791873439230868,-0.17825616580678,-0.1789902791566534,0.0014234953203036505,52
3.6738162517547606,0.5700383530864749,0.7994058132171631,0.3250029507537827,23,17,100,"{'max_depth': 23, 'min_samples_split': 17, 'n_estimators': 100}",-0.17786711382375367,-0.18270901028054687,-0.18102311152291847,-0.180135281976096,-0.17947032929800003,-0.180240969380263,0.0016089262496305893,109
5.179319143295288,0.5039788302669578,1.773811674118042,0.15616967875659865,23,17,200,"{'max_depth': 23, 'min_samples_split': 17, 'n_estimators': 200}",-0.17748745127450444,-0.18201381589689106,-0.18072382592992745,-0.17989912858863982,-0.17926884820092875,-0.17987861397817834,0.0015075387029753011,104
6.250648117065429,0.6571029668679803,2.3274099826812744,0.062175949739721285,23,17,300,"{'max_depth': 23, 'min_samples_split': 17, 'n_estimators': 300}",-0.17743303057471552,-0.18161309739929818,-0.18055635988353902,-0.17986318811051594,-0.17912450025842858,-0.17971803524529945,0.0014063177625350937,96
8.5030592918396,1.403256334229487,3.261220693588257,0.6057588083425727,23,17,400,"{'max_depth': 23, 'min_samples_split': 17, 'n_estimators': 400}",-0.17736786264595017,-0.18158893784003988,-0.18050014936837616,-0.17969816008686174,-0.17898043955465054,-0.17962710989917569,0.001423965982683773,83
3.1772227764129637,0.5242905359411244,1.12100510597229,0.059882195218529145,23,22,100,"{'max_depth': 23, 'min_samples_split': 22, 'n_estimators': 100}",-0.17829719954519824,-0.18345051631513914,-0.18155141995818555,-0.1808848286692112,-0.18022645544895052,-0.18088208398733693,0.0016826371657138277,148
5.999443483352661,1.546208223023432,2.1058128833770753,0.7228367887361355,23,22,200,"{'max_depth': 23, 'min_samples_split': 22, 'n_estimators': 200}",-0.17808706782786074,-0.1828304157249578,-0.1813753145872113,-0.1805997223933552,-0.17991424620103844,-0.1805613533468847,0.0015718451353695648,139
6.9264476776123045,0.9181614447461001,1.4096091747283936,0.41752780726060357,23,22,300,"{'max_depth': 23, 'min_samples_split': 22, 'n_estimators': 300}",-0.17802618198251322,-0.18252131411590125,-0.18127881210935987,-0.18045797482304352,-0.17976214150470748,-0.18040928490710506,0.0015044660032482184,130
8.453660345077514,0.6635231619414407,3.0292191028594972,0.6134026913497393,23,22,400,"{'max_depth': 23, 'min_samples_split': 22, 'n_estimators': 400}",-0.177917936152075,-0.1824798102161738,-0.18118962848762843,-0.18026183009165572,-0.17957881083539945,-0.18028560315658648,0.001532173228304546,121
2.977620792388916,0.39295637682901874,0.9618072986602784,0.09649735793003883,23,27,100,"{'max_depth': 23, 'min_samples_split': 27, 'n_estimators': 100}",-0.17871785885872055,-0.1839184991247805,-0.18210762947826187,-0.18143641991279374,-0.18088248580942354,-0.18141257863679602,0.0016914972455636375,181
2.9708176136016844,1.076577188845579,2.2440943717956543,0.9241893576373589,23,27,200,"{'max_depth': 23, 'min_samples_split': 27, 'n_estimators': 200}",-0.17852731077184436,-0.1834366440970374,-0.1819660199934584,-0.18122889848581122,-0.18063870591193404,-0.1811595158520171,0.0016149503089618494,171
5.812237167358399,0.6321680614900413,2.2808162689208986,0.6439488679475653,23,27,300,"{'max_depth': 23, 'min_samples_split': 27, 'n_estimators': 300}",-0.17857019110349645,-0.18320233592885413,-0.18186238121251586,-0.18106318989084955,-0.18042218133600926,-0.18102405589434506,0.0015383712239409445,164
8.638859176635743,1.0691513059117979,3.257825469970703,0.3472756058528187,23,27,400,"{'max_depth': 23, 'min_samples_split': 27, 'n_estimators': 400}",-0.178407721441263,-0.1831896666815152,-0.18184891112382126,-0.18088771813315652,-0.18027763634840863,-0.18092233074563294,0.0015962112827420758,155
6.385245847702026,0.5339534246904107,1.22800669670105,0.5284443425718902,28,2,100,"{'max_depth': 28, 'min_samples_split': 2, 'n_estimators': 100}",-0.17659110136605802,-0.1813702245797458,-0.17996584621377248,-0.1787073229614139,-0.17832378360161213,-0.17899165574452047,0.0016060010229799987,53
10.947477912902832,1.5931063016128069,4.302512454986572,0.7270115856427507,28,2,200,"{'max_depth': 28, 'min_samples_split': 2, 'n_estimators': 200}",-0.17587171501499094,-0.18039806759192425,-0.17970413473516436,-0.17867377428420686,-0.17787578666752743,-0.17850469565876276,0.0015735445685838463,26
15.307706785202026,0.32047537377680074,2.0954187870025636,0.5816965737239537,28,2,300,"{'max_depth': 28, 'min_samples_split': 2, 'n_estimators': 300}",-0.175921349349452,-0.17991158619083972,-0.1792776341524795,-0.1787306208068397,-0.1775676343378297,-0.17828176496748813,0.0014093323713239442,12
16.683119201660155,0.6551494927092627,3.3750490665435793,0.5685237468347869,28,2,400,"{'max_depth': 28, 'min_samples_split': 2, 'n_estimators': 400}",-0.1757595161781483,-0.1798886034198233,-0.17911630469266543,-0.1786004346301317,-0.17748345551110406,-0.17816966288637456,0.0014363940461600156,2
5.430635452270508,1.3383831368298698,1.1906140804290772,0.5675260314267498,28,7,100,"{'max_depth': 28, 'min_samples_split': 7, 'n_estimators': 100}",-0.17671080345895968,-0.18162312695232086,-0.18000249562550794,-0.17902192631998315,-0.17827535296481445,-0.1791267410643172,0.0016475127248586309,68
4.75403413772583,0.3556897010014278,1.588211679458618,0.1814056511995256,28,7,200,"{'max_depth': 28, 'min_samples_split': 7, 'n_estimators': 200}",-0.1762076202578151,-0.1807109862696902,-0.1796715690028657,-0.1788534871975966,-0.17795294296345784,-0.1786793211382851,0.0015348930479046215,40
7.90464825630188,1.971698668580845,2.5532177925109862,0.32115345944190044,28,7,300,"{'max_depth': 28, 'min_samples_split': 7, 'n_estimators': 300}",-0.17624293951846084,-0.18021996488324232,-0.17937618203907557,-0.17887161635061974,-0.17782965679422275,-0.17850807191712423,0.0013716726379760238,31
12.202682542800904,0.6205032551801544,3.4236233234405518,0.7578181927317661,28,7,400,"{'max_depth': 28, 'min_samples_split': 7, 'n_estimators': 400}",-0.17612800395119063,-0.18017168684621168,-0.17924206689518737,-0.17877989640436057,-0.17768739053075175,-0.17840180892554042,0.0013901103665152413,19
4.826630687713623,1.2515782250372667,0.9176078796386719,0.35542119024295354,28,12,100,"{'max_depth': 28, 'min_samples_split': 12, 'n_estimators': 100}",-0.17738033288190574,-0.18203651277438865,-0.1805505251512434,-0.17950020000430394,-0.17882675243225338,-0.179658864648819,0.001572104403900598,88
7.1064488887786865,0.6932675639574373,1.5476128578186035,0.6027629395896794,28,12,200,"{'max_depth': 28, 'min_samples_split': 12, 'n_estimators': 200}",-0.17686411838763014,-0.1812750447597547,-0.18035986796234996,-0.17925832140686349,-0.1784974437914522,-0.17925095926161008,0.001522593165164437,75
6.975449085235596,0.6455618856888303,1.7516100883483887,0.5964256911310634,28,12,300,"{'max_depth': 28, 'min_samples_split': 12, 'n_estimators': 300}",-0.17678808909402524,-0.18087092177427866,-0.1799931181263404,-0.1792401942130038,-0.1783703562679082,-0.17905253589511125,0.0014013940304035283,60
8.857257175445557,0.7027743582656236,3.585225248336792,1.0253852312874194,28,12,400,"{'max_depth': 28, 'min_samples_split': 12, 'n_estimators': 400}",-0.17670846397093298,-0.1808713188701957,-0.17990031335014972,-0.1791696441140697,-0.17824219148102535,-0.1789783863572747,0.0014257806944990028,51
3.682021427154541,1.3866384464532697,0.8160062313079834,0.45271769717957666,28,17,100,"{'max_depth': 28, 'min_samples_split': 17, 'n_estimators': 100}",-0.17786546460849925,-0.18270191388520515,-0.18104356162580262,-0.18012172406057952,-0.17948077374708524,-0.18024268758543435,0.0016084481449833282,114
7.115247535705566,0.5178206551589148,0.9774052143096924,0.42408563521478,28,17,200,"{'max_depth': 28, 'min_samples_split': 17, 'n_estimators': 200}",-0.17746701795660663,-0.18201934250603918,-0.18072594554509797,-0.17988124069105607,-0.17925705735178954,-0.17987012081011786,0.0015167375287416123,103
6.844444274902344,0.9480581802113441,2.1974183559417724,0.6612964483773267,28,17,300,"{'max_depth': 28, 'min_samples_split': 17, 'n_estimators': 300}",-0.17741678154088614,-0.18161191429257786,-0.1805541396364829,-0.17984658539635268,-0.1791111327521517,-0.17970811072369025,0.0014118059574623793,94
8.923261404037476,0.8666838468189991,2.903819179534912,1.030245132375307,28,17,400,"{'max_depth': 28, 'min_samples_split': 17, 'n_estimators': 400}",-0.1773535634695287,-0.1815855172581274,-0.18049268353696069,-0.1796807243926703,-0.17896430993506357,-0.17961535971847012,0.0014279410664583998,82
3.481622409820557,0.6873238105069482,0.6714052200317383,0.3342502216940493,28,22,100,"{'max_depth': 28, 'min_samples_split': 22, 'n_estimators': 100}",-0.1782972039965142,-0.18343774757555456,-0.18156307137713695,-0.18088540025035404,-0.18022748996297713,-0.18088218263250738,0.0016795993006570005,149
4.981035900115967,0.6783484146772264,1.557609224319458,0.5311752671825689,28,22,200,"{'max_depth': 28, 'min_samples_split': 22, 'n_estimators': 200}",-0.17807470973001643,-0.18282592949401277,-0.18137121778306364,-0.18058493238521012,-0.17990949534290096,-0.18055325694704077,0.0015743398031171296,137
6.877045345306397,1.2816303568069938,1.4840095520019532,0.6820278076957939,28,22,300,"{'max_depth': 28, 'min_samples_split': 22, 'n_estimators': 300}",-0.17801295561463484,-0.18251105400026088,-0.18127002126214192,-0.18044240576772907,-0.1797574751067585,-0.18039878235030504,0.0015050645142662565,125
7.335449266433716,1.0242650475743362,2.749223327636719,0.8241311232466677,28,22,400,"{'max_depth': 28, 'min_samples_split': 22, 'n_estimators': 400}",-0.17790931435118054,-0.18246930499755562,-0.18117788741504004,-0.18024489311373737,-0.17957194983822533,-0.18027466994314778,0.0015311325289111839,116
3.565024423599243,0.5046345870375186,0.3278034687042236,0.30294136702758295,28,27,100,"{'max_depth': 28, 'min_samples_split': 27, 'n_estimators': 100}",-0.17870809994019798,-0.1838978901851123,-0.18212057175379545,-0.18144504515243023,-0.18087955841772757,-0.18141023308985268,0.0016898147760560215,180
4.852056455612183,0.6848695423602699,1.4343861103057862,0.2975013980758919,28,27,200,"{'max_depth': 28, 'min_samples_split': 27, 'n_estimators': 200}",-0.17851181388335988,-0.18342540951332315,-0.18196550273123133,-0.18122004041896908,-0.18063210072125133,-0.18115097345362696,0.0016171381962688202,170
7.195251226425171,2.110038853616918,2.0744130611419678,0.7882020575037053,28,27,300,"{'max_depth': 28, 'min_samples_split': 27, 'n_estimators': 300}",-0.17855349811966387,-0.18319076044960866,-0.18185695207473923,-0.18105237795859574,-0.18041757466561123,-0.18101423265364375,0.001540137625992786,163
8.24085488319397,0.5169068546382667,2.91902174949646,0.8470449786094698,28,27,400,"{'max_depth': 28, 'min_samples_split': 27, 'n_estimators': 400}",-0.1783966290521549,-0.18317801915698442,-0.18183914265444598,-0.1808756689652708,-0.18027330820593324,-0.18091255360695785,0.0015956674431889697,150
6.868244791030884,0.7861390393105188,0.6346044063568115,0.4443677529672519,33,2,100,"{'max_depth': 33, 'min_samples_split': 2, 'n_estimators': 100}",-0.1765613061748983,-0.18136675837297667,-0.1799574061856066,-0.1786708896686282,-0.17832030809120689,-0.17897533369866334,0.0016144752671916939,43
10.036069679260255,1.3993904532042614,3.1828212261199953,0.5962628509356955,33,2,200,"{'max_depth': 33, 'min_samples_split': 2, 'n_estimators': 200}",-0.17585248233219505,-0.18040988044540174,-0.17969771678201962,-0.17865655057863827,-0.17786663021769142,-0.17849665207118923,0.0015822217245807057,21
13.248291206359863,0.2872012823400467,2.7188175678253175,0.9510244747676938,33,2,300,"{'max_depth': 33, 'min_samples_split': 2, 'n_estimators': 300}",-0.17591855330030748,-0.17989248141003336,-0.17929414380814046,-0.17871917398807105,-0.17756488503883597,-0.17827784750907766,0.001407782263716554,8
16.62571587562561,0.59788732657232,4.301628875732422,0.4341669339245797,33,2,400,"{'max_depth': 33, 'min_samples_split': 2, 'n_estimators': 400}",-0.1757553984540076,-0.17987207149694748,-0.17913465093978848,-0.1785881563621756,-0.17748767461190582,-0.178167590372965,0.001435151078403826,1
5.507638263702392,1.5396762048093284,1.258835506439209,0.3664028432760836,33,7,100,"{'max_depth': 33, 'min_samples_split': 7, 'n_estimators': 100}",-0.17670986339646944,-0.1816282263258867,-0.1800031420514796,-0.17902057812161043,-0.17826852259536904,-0.17912606649816304,0.00165012800116478,64
5.8812390804290775,0.852919480171525,2.5018193244934084,0.20875995223519672,33,7,200,"{'max_depth': 33, 'min_samples_split': 7, 'n_estimators': 200}",-0.17620985075937307,-0.180711091072648,-0.17966972989318816,-0.17885173969446824,-0.1779448350952032,-0.17867744930297613,0.00153469625056262,36
8.685660219192505,0.5341421985379318,2.367218494415283,0.8948541919620207,33,7,300,"{'max_depth': 33, 'min_samples_split': 7, 'n_estimators': 300}",-0.17624616589964176,-0.18021953818390482,-0.1793746747883183,-0.17886995659119945,-0.1778237671749757,-0.178506820527608,0.0013708071941883014,27
9.059059715270996,0.9441400311633661,3.7978253841400145,0.37324193779525877,33,7,400,"{'max_depth': 33, 'min_samples_split': 7, 'n_estimators': 400}",-0.17612967574302063,-0.18017061533786996,-0.17924458085830242,-0.17877919218489421,-0.17768229366290658,-0.17840127155739877,0.0013900826412726643,15
2.844418001174927,0.9183150920358716,0.6406062126159668,0.5758678759772193,33,12,100,"{'max_depth': 33, 'min_samples_split': 12, 'n_estimators': 100}",-0.1773778448626105,-0.18203885277792353,-0.1805506161417342,-0.17949792029040482,-0.1788265923584289,-0.1796583652862204,0.001573606970619488,84
5.504039239883423,1.5966138103385652,1.5352094650268555,0.5837215349542247,33,12,200,"{'max_depth': 33, 'min_samples_split': 12, 'n_estimators': 200}",-0.1768649637321546,-0.18127539050436733,-0.1803582893083907,-0.17925693632303588,-0.178494061658862,-0.17924992830536207,0.001522524268948876,71
6.922446918487549,0.6302756053055364,1.9696123600006104,0.7058580245999707,33,12,300,"{'max_depth': 33, 'min_samples_split': 12, 'n_estimators': 300}",-0.17678946054606393,-0.18087053201102693,-0.1799907288094136,-0.17923857742369334,-0.1783676835961033,-0.17905139647726023,0.0014007464786923972,56
8.515439176559449,0.3005565624705424,3.6434257507324217,1.0414862557327182,33,12,400,"{'max_depth': 33, 'min_samples_split': 12, 'n_estimators': 400}",-0.17670946636080984,-0.1808701651088761,-0.17990130113480363,-0.17916846368864825,-0.17824027490536856,-0.17897793423970126,0.0014254496390427493,47
3.45322527885437,0.5777019353792177,0.7592020034790039,0.38317699970582586,33,17,100,"{'max_depth': 33, 'min_samples_split': 17, 'n_estimators': 100}",-0.17786370923747652,-0.18270172039834137,-0.18104526760183498,-0.1801193210093592,-0.17947996604816338,-0.1802419968590351,0.0016091908592659806,110
5.736639881134034,0.8404292475307015,0.9214051723480224,0.39965708061922967,33,17,200,"{'max_depth': 33, 'min_samples_split': 17, 'n_estimators': 200}",-0.1774683690323335,-0.18201840929897392,-0.18072561124667744,-0.17987938367456666,-0.17925474473097483,-0.17986930359670528,0.0015161918810452104,99
6.767646265029907,0.5275700072317613,2.220814657211304,0.19641082201262736,33,17,300,"{'max_depth': 33, 'min_samples_split': 17, 'n_estimators': 300}",-0.1774181284710257,-0.18161084376776915,-0.1805537970878095,-0.1798447961669007,-0.1791104445595344,-0.17970760201060787,0.0014110622694426347,90
7.830451822280883,0.7134467134189988,2.528418207168579,0.49500313236078786,33,17,400,"{'max_depth': 33, 'min_samples_split': 17, 'n_estimators': 400}",-0.17735397188908952,-0.18158414498103084,-0.1804933851858354,-0.1796797667599058,-0.17896321344158286,-0.17961489645148887,0.0014276106616757903,78
4.450228309631347,0.7234082959815111,0.627205228805542,0.3393130367749411,33,22,100,"{'max_depth': 33, 'min_samples_split': 22, 'n_estimators': 100}",-0.17829544250209278,-0.1834379789288587,-0.18156467338762122,-0.18088300506654556,-0.1802271506088369,-0.18088165009879104,0.0016803677604635948,144
4.573431062698364,1.044192943186153,2.1894133567810057,1.0265969277234308,33,22,200,"{'max_depth': 33, 'min_samples_split': 22, 'n_estimators': 200}",-0.17807542105110746,-0.182825052924682,-0.18137149793207347,-0.1805834239560049,-0.17990851685693984,-0.18055278254416157,0.0015739659912280544,133
6.106618785858155,0.7281174183158607,1.685610866546631,0.8193427240374581,33,22,300,"{'max_depth': 33, 'min_samples_split': 22, 'n_estimators': 300}",-0.17801430276073704,-0.18250989336631937,-0.18127101457961425,-0.18044063494720322,-0.1797590760307501,-0.18039898433692478,0.0015042803799825242,126
8.085254859924316,1.5025709671977812,2.6802223205566404,0.7170138104060323,33,22,400,"{'max_depth': 33, 'min_samples_split': 22, 'n_estimators': 400}",-0.17791027336222942,-0.18246789974068178,-0.18117984435469156,-0.18024395772740992,-0.1795728572868746,-0.18027496649437746,0.0015305850291277953,117
2.907222843170166,0.5760535382161754,1.0954070091247559,0.1441993248710633,33,27,100,"{'max_depth': 33, 'min_samples_split': 27, 'n_estimators': 100}",-0.17870926076131,-0.18389813912942915,-0.1821201239583059,-0.18144352486818344,-0.18087777361222263,-0.18140976446589022,0.001689585355417597,176
4.3982292175292965,0.6771549534395291,1.2702126979827881,0.617470753922104,33,27,200,"{'max_depth': 33, 'min_samples_split': 27, 'n_estimators': 200}",-0.17851431768782441,-0.18342452386252417,-0.1819647999514423,-0.18121915499110888,-0.18063109139362066,-0.18115077757730408,0.0016160584484612539,166
7.538073921203614,2.290671980662838,1.6871925830841064,0.5332581544305885,33,27,300,"{'max_depth': 33, 'min_samples_split': 27, 'n_estimators': 300}",-0.17855585527377402,-0.18318944814579669,-0.18185707915823068,-0.18105135091580948,-0.1804172144478958,-0.18101418958830134,0.0015390503892699103,159
7.126447772979736,0.6059660673404621,2.3866171836853027,0.8387135087759324,33,27,400,"{'max_depth': 33, 'min_samples_split': 27, 'n_estimators': 400}",-0.17839920056814396,-0.1831767382825985,-0.18184022133477717,-0.18087512546121548,-0.1802728607602472,-0.18091282928139646,0.0015946567392766998,154
5.783038091659546,0.7862376353206801,1.0814076900482177,0.18845318222698568,38,2,100,"{'max_depth': 38, 'min_samples_split': 2, 'n_estimators': 100}",-0.17658188181174475,-0.18135853271018987,-0.17994906035232183,-0.17868101473516101,-0.17831403168469837,-0.17897690425882315,0.0016050124443277864,46
9.61446270942688,1.5547412320925635,3.6742254734039306,0.21476312970635547,38,2,200,"{'max_depth': 38, 'min_samples_split': 2, 'n_estimators': 200}",-0.1758682914776709,-0.18040462933355228,-0.1796830312178456,-0.17866467733591598,-0.17786658694552707,-0.17849744326210235,0.001573617713748947,24
14.700319147109985,0.5215527913581532,1.5913984775543213,0.6882402163265697,38,2,300,"{'max_depth': 38, 'min_samples_split': 2, 'n_estimators': 300}",-0.17592773129634093,-0.17989370931901955,-0.17928792996807472,-0.17872664457112183,-0.17756953164613462,-0.17828110936013836,0.0014040939528681662,9
16.4357168674469,0.5643084977982142,3.9674265384674072,0.2408651961912868,38,2,400,"{'max_depth': 38, 'min_samples_split': 2, 'n_estimators': 400}",-0.1757598342932511,-0.17987500242433105,-0.17913453264815898,-0.1785932880658461,-0.17749107196941175,-0.1781707458801998,0.001434319943809442,5
5.793840026855468,1.221379357897916,1.3856103420257568,0.3752824174980498,38,7,100,"{'max_depth': 38, 'min_samples_split': 7, 'n_estimators': 100}",-0.17671078894798575,-0.18162839832822394,-0.1800032332083292,-0.1790207468780325,-0.17826855128998068,-0.17912634373051042,0.0016499136850095942,65
6.028842973709106,0.36951330419985257,0.9706099987030029,0.6880948062703526,38,7,200,"{'max_depth': 38, 'min_samples_split': 7, 'n_estimators': 200}",-0.17621039020450233,-0.18071157199229498,-0.1796696277553137,-0.1788517360246666,-0.17794495253110798,-0.17867765570157712,0.001534625749881715,37
7.383247947692871,2.0018958642098563,2.7416181564331055,0.8964973256910904,38,7,300,"{'max_depth': 38, 'min_samples_split': 7, 'n_estimators': 300}",-0.17624679550008548,-0.18021954321935119,-0.17937450106143568,-0.17886978874666806,-0.17782404341523936,-0.17850693438855597,0.001370542381761628,30
9.328060340881347,0.5107234385920837,3.4518261909484864,0.7639615064302447,38,7,400,"{'max_depth': 38, 'min_samples_split': 7, 'n_estimators': 400}",-0.17613004699895576,-0.1801706413142908,-0.1792442769015662,-0.17877907361964332,-0.17768234039477698,-0.17840127584584659,0.0013899197643394128,18
4.362423038482666,1.56675413102994,0.7242056846618652,0.19501249846793428,38,12,100,"{'max_depth': 38, 'min_samples_split': 12, 'n_estimators': 100}",-0.1773786984960954,-0.18203899339140617,-0.18055063955366185,-0.1794979476957434,-0.17882658096199852,-0.17965857201978108,0.0015734054130578869,85
5.236439275741577,0.7342953233505654,1.7354110717773437,0.7853509296611483,38,12,200,"{'max_depth': 38, 'min_samples_split': 12, 'n_estimators': 200}",-0.17686541991711321,-0.1812756026049616,-0.1803582916780741,-0.1792568684845174,-0.17849404598940033,-0.17925004573481332,0.0015224396316687737,74
6.763645887374878,0.7817337523927108,2.3012169361114503,0.39197342127261403,38,12,300,"{'max_depth': 38, 'min_samples_split': 12, 'n_estimators': 300}",-0.17679005681603746,-0.18087044278841105,-0.17999068213775618,-0.17923855656804466,-0.17836793162102563,-0.179051533986255,0.0014004997045548018,59
9.245262908935548,1.0706522069836906,3.2186240673065187,0.6840919076450181,38,12,400,"{'max_depth': 38, 'min_samples_split': 12, 'n_estimators': 400}",-0.17670983133383897,-0.18087011918988757,-0.17990112295867966,-0.17916845300399115,-0.17824029114118695,-0.17897796352551687,0.001425296237572076,48
4.4290307521820065,0.70085007673169,0.5706039428710937,0.4030929247462594,38,17,100,"{'max_depth': 38, 'min_samples_split': 17, 'n_estimators': 100}",-0.17786456310439458,-0.18270192826006557,-0.1810451556412286,-0.18011940885388736,-0.17947995487127144,-0.1802422021461695,0.0016089905769954807,111
6.375443363189698,1.6574762435730555,1.5248118877410888,0.4683815608739986,38,17,200,"{'max_depth': 38, 'min_samples_split': 17, 'n_estimators': 200}",-0.17746886272931545,-0.18201854161990744,-0.18072545199651233,-0.17987937520303182,-0.17925478311665616,-0.17986940293308465,0.0015160519337424135,102
6.978050231933594,0.6902929087582735,1.9428109169006347,0.4181029379142862,38,17,300,"{'max_depth': 38, 'min_samples_split': 17, 'n_estimators': 300}",-0.17741882299013864,-0.18161071464321354,-0.18055364020444525,-0.17984481629758836,-0.17911066875832216,-0.1797077325787416,0.00141076466537483,93
8.451457214355468,0.5991651082703255,2.5928189754486084,0.38146963327877575,38,17,400,"{'max_depth': 38, 'min_samples_split': 17, 'n_estimators': 400}",-0.17735446037115984,-0.18158406630209686,-0.18049319630647565,-0.17967978459944348,-0.1789632529320372,-0.1796149521022426,0.0014274075480933868,79
3.926461124420166,0.5150234033537631,0.7431705951690674,0.34998576701304723,38,22,100,"{'max_depth': 38, 'min_samples_split': 22, 'n_estimators': 100}",-0.17829623899468083,-0.18343813028332376,-0.18156466868270324,-0.18088290648241154,-0.18022715080405172,-0.18088181904943423,0.0016801682451306297,145
5.0304327487945555,0.680080128498335,1.6166102886199951,0.805302561971402,38,22,200,"{'max_depth': 38, 'min_samples_split': 22, 'n_estimators': 200}",-0.17807588176914893,-0.18282514082263754,-0.18137151007095598,-0.1805833641291945,-0.1799085942667145,-0.1805528982117303,0.001573841037805013,134
5.968039846420288,0.7807838285547319,1.6184107780456543,0.575293793499754,38,22,300,"{'max_depth': 38, 'min_samples_split': 22, 'n_estimators': 300}",-0.17801465387257318,-0.18250971928171295,-0.1812710276195332,-0.1804405964337333,-0.17975927204599948,-0.18039905385071042,0.0015041048244539593,127
8.001043653488159,0.953105932173724,2.2772143363952635,0.5494011883122205,38,22,400,"{'max_depth': 38, 'min_samples_split': 22, 'n_estimators': 400}",-0.17791050231507505,-0.1824677642244621,-0.18117984603766216,-0.1802439305272176,-0.17957286439311898,-0.1802749814995072,0.0015304751104704068,118
4.471829509735107,1.3892491049967048,1.008206272125244,0.20309355708008134,38,27,100,"{'max_depth': 38, 'min_samples_split': 27, 'n_estimators': 100}",-0.1787092594459644,-0.18389830080894332,-0.18212012168982894,-0.18144345140079057,-0.18087777374610803,-0.18140978141832703,0.0016896329076472741,177
4.041028642654419,0.9703734661634101,1.53820858001709,0.6100073999264068,38,27,200,"{'max_depth': 38, 'min_samples_split': 27, 'n_estimators': 200}",-0.17851437990374389,-0.1834247096662419,-0.18196481740007295,-0.18121910531515115,-0.18063112261902983,-0.18115082698084795,0.001616089763257164,167
5.849839782714843,1.1369607587354216,1.957614803314209,0.9772336467570416,38,27,300,"{'max_depth': 38, 'min_samples_split': 27, 'n_estimators': 300}",-0.17855594697070856,-0.1831893037745897,-0.18185709384436657,-0.18105131967905788,-0.18041732998817656,-0.18101419885137987,0.0015389727808318649,160
7.521846437454224,1.3165354526246846,2.562619924545288,0.9133170439049904,38,27,400,"{'max_depth': 38, 'min_samples_split': 27, 'n_estimators': 400}",-0.17839923752314604,-0.1831766269758777,-0.18184024225486042,-0.180875102977072,-0.1802728010261525,-0.18091280215142175,0.0015946208194991477,151
7.43005142211914,2.057417973319842,1.4536115646362304,0.30140601143233026,43,2,100,"{'max_depth': 43, 'min_samples_split': 2, 'n_estimators': 100}",-0.17658188182461235,-0.18135849929188488,-0.1799490631777989,-0.17868100962142,-0.17831403168469837,-0.17897689712008288,0.0016050030536629784,44
10.272071266174317,1.0564559927565875,2.866621208190918,0.7407744825135815,43,2,200,"{'max_depth': 43, 'min_samples_split': 2, 'n_estimators': 200}",-0.17586529841987705,-0.18040459856419863,-0.17968334180223916,-0.1786647029517362,-0.17786914115461677,-0.17849741657853357,0.001574453714959762,22
12.848086547851562,1.601762416385204,2.4420178890228272,0.7069763445917655,43,2,300,"{'max_depth': 43, 'min_samples_split': 2, 'n_estimators': 300}",-0.17592566003294552,-0.1798937448599648,-0.17928812883056797,-0.17872666188685984,-0.1775714852040216,-0.17828113616287194,0.0014046285270859586,10
16.443515968322753,0.4837305418360378,5.10803632736206,0.876996786902639,43,2,400,"{'max_depth': 43, 'min_samples_split': 2, 'n_estimators': 400}",-0.17575840831588666,-0.17987424202506386,-0.17913471401326586,-0.17859330025247291,-0.17749276450270912,-0.17817068582187967,0.0014344836791714377,3
6.224643802642822,1.106241118877921,1.281807041168213,0.1409499990220203,43,7,100,"{'max_depth': 43, 'min_samples_split': 7, 'n_estimators': 100}",-0.17671078894798575,-0.181628401811264,-0.1800032332083292,-0.1790207468780325,-0.17826855128998068,-0.17912634442711842,0.0016499147413992121,66
4.902838897705078,0.8885243597689344,2.011808681488037,0.5684687250400008,43,7,200,"{'max_depth': 43, 'min_samples_split': 7, 'n_estimators': 200}",-0.17621039020450233,-0.180711563784257,-0.1796696277553137,-0.1788517456099948,-0.17794495196693155,-0.1786776558641999,0.0015346238455215663,38
7.856053495407105,0.9287979862728507,2.192816209793091,0.5651931384169558,43,7,300,"{'max_depth': 43, 'min_samples_split': 7, 'n_estimators': 300}",-0.1762467954015054,-0.18021950100055228,-0.17937450106143568,-0.17886979531718344,-0.17782402269767192,-0.17850692309566973,0.0013705342756483666,28
10.511870384216309,1.6281406999302241,3.6724267482757567,1.4691294530078354,43,7,400,"{'max_depth': 43, 'min_samples_split': 7, 'n_estimators': 400}",-0.17613004702441526,-0.180170608117907,-0.17924431273468008,-0.1787790784008919,-0.17768232451822705,-0.17840127415922427,0.0013899175534008708,16
3.8650239944458007,1.1837075401994503,1.0688110828399657,0.12221756392651609,43,12,100,"{'max_depth': 43, 'min_samples_split': 12, 'n_estimators': 100}",-0.1773786984960954,-0.18203899659002243,-0.18055063955366185,-0.1794979476957434,-0.17882658096199852,-0.17965857265950433,0.0015734063809020539,86
4.776432132720947,1.0897705463996887,1.6838105201721192,0.9006688060178507,43,12,200,"{'max_depth': 43, 'min_samples_split': 12, 'n_estimators': 200}",-0.17686541991711321,-0.18127559406126129,-0.1803582916780741,-0.1792568684845174,-0.1784940454581061,-0.17925004391981442,0.0015224374110123856,72
6.783248519897461,0.46017880477395023,2.7072156429290772,0.7758872632455828,43,12,300,"{'max_depth': 43, 'min_samples_split': 12, 'n_estimators': 300}",-0.17679005659599673,-0.18087042852776652,-0.17999068213775618,-0.17923855656804466,-0.17836792572051413,-0.17905152991001563,0.0014004966474264271,57
9.198066091537475,0.15546028920151064,3.703222703933716,0.6613757194352204,43,12,400,"{'max_depth': 43, 'min_samples_split': 12, 'n_estimators': 400}",-0.17670983132628446,-0.18087010837679693,-0.17990115980720037,-0.17916845300399115,-0.17824028654360569,-0.1789779678115757,0.0014252986183178513,49
3.302021360397339,1.0850034145215726,1.155011034011841,0.4063025028090395,43,17,100,"{'max_depth': 43, 'min_samples_split': 17, 'n_estimators': 100}",-0.17786456310439458,-0.1827019314676584,-0.1810451556412286,-0.18011940885388736,-0.17947995487127144,-0.18024220278768807,0.0016089915577099326,112
5.493037509918213,0.5850544892294758,1.107610273361206,0.24731897645823636,43,17,200,"{'max_depth': 43, 'min_samples_split': 17, 'n_estimators': 200}",-0.17746886272931545,-0.18201854072075546,-0.18072545199651233,-0.17987937520303182,-0.17925478201862963,-0.17986940253364897,0.0015160517678466598,100
6.171841049194336,0.49519320381762455,2.2410144805908203,0.388284536987444,43,17,300,"{'max_depth': 43, 'min_samples_split': 17, 'n_estimators': 300}",-0.17741882262016223,-0.18161071406659618,-0.18055364020444525,-0.17984481629758836,-0.17911066800241196,-0.17970773223824077,0.0014107646938525647,91
8.155655479431152,1.6463159336347373,2.6044190883636475,0.658831439923551,43,17,400,"{'max_depth': 43, 'min_samples_split': 17, 'n_estimators': 400}",-0.17735446019158171,-0.18158406587567072,-0.1804932296812794,-0.17967978459944348,-0.17896325237959304,-0.17961495854551365,0.001427411644739779,80
3.4436243534088136,0.4855744710908542,1.1834076404571534,0.059466251539704806,43,22,100,"{'max_depth': 43, 'min_samples_split': 22, 'n_estimators': 100}",-0.17829623899468083,-0.1834381332908184,-0.18156466868270324,-0.18088290648241154,-0.18022715080405172,-0.18088181965093314,0.00168016916028825,146
5.191635990142823,1.1724455242621101,1.0812079429626464,0.9463862814141376,43,22,200,"{'max_depth': 43, 'min_samples_split': 22, 'n_estimators': 200}",-0.17807588176914893,-0.18282514218399473,-0.18137151007095598,-0.1805833641291945,-0.1799085942667145,-0.18055289848400174,0.0015738414308986107,135
5.820442628860474,0.4804461868615466,1.6868096351623536,0.5461740426526058,43,22,300,"{'max_depth': 43, 'min_samples_split': 22, 'n_estimators': 300}",-0.17801465387257318,-0.1825097202429936,-0.1812710276195332,-0.1804405964337333,-0.17975927204599948,-0.18039905404296658,0.001504105094241281,128
7.829662847518921,0.5793023363555497,2.578808069229126,0.1969673554897171,43,22,400,"{'max_depth': 43, 'min_samples_split': 22, 'n_estimators': 400}",-0.17791050231507505,-0.18246776495687672,-0.18117987624203136,-0.1802439305272176,-0.17957286439311898,-0.18027498768686395,0.0015304788919384617,119
3.5280245304107667,0.8422518656141048,0.6304054737091065,0.3630340090828074,43,27,100,"{'max_depth': 43, 'min_samples_split': 27, 'n_estimators': 100}",-0.1787092594459644,-0.18389830080894332,-0.18212012168982894,-0.18144345140079057,-0.18087777374610803,-0.18140978141832703,0.0016896329076472741,177
3.7504324913024902,2.0470903256439117,2.0570066928863526,0.6483034945634372,43,27,200,"{'max_depth': 43, 'min_samples_split': 27, 'n_estimators': 200}",-0.17851437990374389,-0.1834247096662419,-0.18196481740007295,-0.18121910531515115,-0.18063112261902983,-0.18115082698084795,0.001616089763257164,167
6.164631748199463,0.7275194625075038,2.0522117614746094,0.4747891743293834,43,27,300,"{'max_depth': 43, 'min_samples_split': 27, 'n_estimators': 300}",-0.17855594697070856,-0.1831893037745897,-0.18185709384436657,-0.18105131967905788,-0.18041732998817656,-0.18101419885137987,0.0015389727808318649,160
7.689667510986328,0.4772266404873606,3.175207233428955,0.9411238697318854,43,27,400,"{'max_depth': 43, 'min_samples_split': 27, 'n_estimators': 400}",-0.17839923752314604,-0.1831766269758777,-0.18184024245545213,-0.180875102977072,-0.1802728010261525,-0.18091280219154007,0.0015946208428321946,152
5.905039072036743,0.5756154338113854,0.9672073364257813,0.4197205821015257,48,2,100,"{'max_depth': 48, 'min_samples_split': 2, 'n_estimators': 100}",-0.17658188182461235,-0.18135849929188488,-0.1799490631777989,-0.17868100962142,-0.17831403168469837,-0.17897689712008288,0.0016050030536629784,44
8.385255670547485,0.33205302575985857,4.01322865486145,0.5503140234666983,48,2,200,"{'max_depth': 48, 'min_samples_split': 2, 'n_estimators': 200}",-0.17586529841987705,-0.18040459856419863,-0.17968334180223916,-0.1786647029517362,-0.17786914115461677,-0.17849741657853357,0.001574453714959762,22
15.443304920196534,2.2619767903515977,2.7192203998565674,0.5229084453544381,48,2,300,"{'max_depth': 48, 'min_samples_split': 2, 'n_estimators': 300}",-0.17592566003294552,-0.1798937448599648,-0.17928812883056797,-0.17872666188685984,-0.1775714852040216,-0.17828113616287194,0.0014046285270859586,10
16.94971709251404,1.2095305374020666,4.724631404876709,0.5123168450045875,48,2,400,"{'max_depth': 48, 'min_samples_split': 2, 'n_estimators': 400}",-0.17575840831588666,-0.17987424202506386,-0.17913471401326586,-0.17859330025247291,-0.17749276450270912,-0.17817068582187967,0.0014344836791714377,3
6.203840970993042,1.236382571734793,1.2082086563110352,0.19433572063039609,48,7,100,"{'max_depth': 48, 'min_samples_split': 7, 'n_estimators': 100}",-0.17671078894798575,-0.181628401811264,-0.1800032332083292,-0.1790207468780325,-0.17826855128998068,-0.17912634442711842,0.0016499147413992121,66
5.30143518447876,0.6495859002910909,1.8390154838562012,0.6975695309042357,48,7,200,"{'max_depth': 48, 'min_samples_split': 7, 'n_estimators': 200}",-0.17621039020450233,-0.180711563784257,-0.1796696277553137,-0.1788517456099948,-0.17794495196693155,-0.1786776558641999,0.0015346238455215663,38
6.139644908905029,1.6375445836517515,2.723020648956299,0.885420360505903,48,7,300,"{'max_depth': 48, 'min_samples_split': 7, 'n_estimators': 300}",-0.1762467954015054,-0.18021950100055228,-0.17937450106143568,-0.17886979531718344,-0.17782402269767192,-0.17850692309566973,0.0013705342756483666,28
9.973670434951782,0.6015391023749515,5.181458187103272,0.8349710111434029,48,7,400,"{'max_depth': 48, 'min_samples_split': 7, 'n_estimators': 400}",-0.17613004702441526,-0.180170608117907,-0.17924431273468008,-0.1787790784008919,-0.17768232451822705,-0.17840127415922427,0.0013899175534008708,16
4.496831846237183,1.5709414145757012,1.3688045501708985,0.30382912817801483,48,12,100,"{'max_depth': 48, 'min_samples_split': 12, 'n_estimators': 100}",-0.1773786984960954,-0.18203899659002243,-0.18055063955366185,-0.1794979476957434,-0.17882658096199852,-0.17965857265950433,0.0015734063809020539,86
4.66383581161499,0.6980950668840424,1.5654187202453613,0.3094595378160991,48,12,200,"{'max_depth': 48, 'min_samples_split': 12, 'n_estimators': 200}",-0.17686541991711321,-0.18127559406126129,-0.1803582916780741,-0.1792568684845174,-0.1784940454581061,-0.17925004391981442,0.0015224374110123856,72
7.528077554702759,0.9103551016833714,2.7326184272766114,1.0914267716092392,48,12,300,"{'max_depth': 48, 'min_samples_split': 12, 'n_estimators': 300}",-0.17679005659599673,-0.18087042852776652,-0.17999068213775618,-0.17923855656804466,-0.17836792572051413,-0.17905152991001563,0.0014004966474264271,57
9.533090448379516,0.5827055974006107,3.6546276092529295,0.6365828117765043,48,12,400,"{'max_depth': 48, 'min_samples_split': 12, 'n_estimators': 400}",-0.17670983132628446,-0.18087010837679693,-0.17990115980720037,-0.17916845300399115,-0.17824028654360569,-0.1789779678115757,0.0014252986183178513,49
4.6622233390808105,0.9326485934594461,1.3530083179473877,0.5384582056172993,48,17,100,"{'max_depth': 48, 'min_samples_split': 17, 'n_estimators': 100}",-0.17786456310439458,-0.1827019314676584,-0.1810451556412286,-0.18011940885388736,-0.17947995487127144,-0.18024220278768807,0.0016089915577099326,112
4.803630352020264,1.1431733424411987,1.536809253692627,0.21179194355814532,48,17,200,"{'max_depth': 48, 'min_samples_split': 17, 'n_estimators': 200}",-0.17746886272931545,-0.18201854072075546,-0.18072545199651233,-0.17987937520303182,-0.17925478201862963,-0.17986940253364897,0.0015160517678466598,100
6.832648849487304,1.0432310751287017,2.3348147869110107,0.3454121134211628,48,17,300,"{'max_depth': 48, 'min_samples_split': 17, 'n_estimators': 300}",-0.17741882262016223,-0.18161071406659618,-0.18055364020444525,-0.17984481629758836,-0.17911066800241196,-0.17970773223824077,0.0014107646938525647,91
9.160866069793702,1.0963734099964346,3.306822490692139,0.6597658549406052,48,17,400,"{'max_depth': 48, 'min_samples_split': 17, 'n_estimators': 400}",-0.17735446019158171,-0.18158406587567072,-0.1804932296812794,-0.17967978459944348,-0.17896325237959304,-0.17961495854551365,0.001427411644739779,80
4.255829286575318,1.0031488012523306,0.9432057857513427,0.0836292790879688,48,22,100,"{'max_depth': 48, 'min_samples_split': 22, 'n_estimators': 100}",-0.17829623899468083,-0.1834381332908184,-0.18156466868270324,-0.18088290648241154,-0.18022715080405172,-0.18088181965093314,0.00168016916028825,146
5.818260240554809,0.8007748164856818,1.4209906578063964,0.11432996065803498,48,22,200,"{'max_depth': 48, 'min_samples_split': 22, 'n_estimators': 200}",-0.17807588176914893,-0.18282514218399473,-0.18137151007095598,-0.1805833641291945,-0.1799085942667145,-0.18055289848400174,0.0015738414308986107,135
6.619246864318848,0.49939633890015583,1.5576117038726807,0.4283457755741666,48,22,300,"{'max_depth': 48, 'min_samples_split': 22, 'n_estimators': 300}",-0.17801465387257318,-0.1825097202429936,-0.1812710276195332,-0.1804405964337333,-0.17975927204599948,-0.18039905404296658,0.001504105094241281,128
7.111446857452393,1.0327387278639013,2.160814905166626,0.506159088973014,48,22,400,"{'max_depth': 48, 'min_samples_split': 22, 'n_estimators': 400}",-0.17791050231507505,-0.18246776495687672,-0.18117987624203136,-0.1802439305272176,-0.17957286439311898,-0.18027498768686395,0.0015304788919384617,119
3.5454266548156737,0.6613298214437152,0.4864398956298828,0.4735183518532776,48,27,100,"{'max_depth': 48, 'min_samples_split': 27, 'n_estimators': 100}",-0.1787092594459644,-0.18389830080894332,-0.18212012168982894,-0.18144345140079057,-0.18087777374610803,-0.18140978141832703,0.0016896329076472741,177
4.002027368545532,1.3343082010165066,1.603811502456665,0.5341976132605596,48,27,200,"{'max_depth': 48, 'min_samples_split': 27, 'n_estimators': 200}",-0.17851437990374389,-0.1834247096662419,-0.18196481740007295,-0.18121910531515115,-0.18063112261902983,-0.18115082698084795,0.001616089763257164,167
6.279238939285278,0.24077789055851934,0.35420589447021483,0.3425387683808743,48,27,300,"{'max_depth': 48, 'min_samples_split': 27, 'n_estimators': 300}",-0.17855594697070856,-0.1831893037745897,-0.18185709384436657,-0.18105131967905788,-0.18041732998817656,-0.18101419885137987,0.0015389727808318649,160
5.605029630661011,0.4274365965751129,0.05240092277526855,0.027823852984598017,48,27,400,"{'max_depth': 48, 'min_samples_split': 27, 'n_estimators': 400}",-0.17839923752314604,-0.1831766269758777,-0.18184024245545213,-0.180875102977072,-0.1802728010261525,-0.18091280219154007,0.0015946208428321946,152
